Id,Category,Sentence,b_pred,e_pred,l_pred
2495,4,"For most of its footage , the new thriller proves that director M. Night Shyamalan can weave an eerie spell and that Mel Gibson can gasp , shudder and even tremble without losing his machismo .",4,3,4
1640,4,"unpretentious , charming , quirky , original",4,3,4
6697,4,"Twenty years later , E.T. is still a cinematic touchstone .",3,3,4
9261,4,"More intimate than spectacular , E.T. is carried less by wow factors than by its funny , moving yarn that holds up well after two decades .",3,3,4
3295,2,The film virtually chokes on its own self-consciousness .,0,1,2
6418,3,A winning and wildly fascinating work .,4,4,3
6602,2,"For all its plot twists , and some of them verge on the bizarre as the film winds down , Blood Work is a strong , character-oriented piece .",3,3,2
4170,2,"Harvard Man is a semi-throwback , a reminiscence without nostalgia or sentimentality .",2,3,2
9390,0,This is not one of the movies you 'd want to watch if you only had a week to live .,1,1,0
6613,2,Life on the rez is no picnic : this picture shows you why .,2,3,2
781,2,"There are things to like about Murder By Numbers -- but , in the end , the disparate elements do n't gel .",1,1,2
1687,2,"` Men in Black II creates a new threat for the MIB , but recycles the same premise .",1,1,2
10090,4,"Return to Never Land is reliable , standard Disney animated fare , with enough creative energy and wit to entertain all ages .",4,3,4
6071,4,"Provides the kind of ` laugh therapy ' I need from movie comedies -- offbeat humor , amusing characters , and a happy ending .",4,3,4
1773,4,"A thoughtful movie , a movie that is concerned with souls and risk and schemes and the consequences of one 's actions .",4,3,4
7708,2,But the execution is a flop with the exception of about six gags that really work .,2,1,2
1671,2,"The movie is n't horrible , but you can see mediocre cresting on the next wave .",1,1,2
7723,2,"If Deuces Wild had been tweaked up a notch it would have become a camp adventure , one of those movies that 's so bad it starts to become good .",1,1,2
9988,1,"Even in the summertime , the most restless young audience deserves the dignity of an action hero motivated by something more than franchise possibilities .",3,3,1
258,0,"No big whoop , nothing new to see , zero thrills , too many flashbacks and a choppy ending make for a bad film .",1,1,0
1716,2,Cacoyannis is perhaps too effective in creating an atmosphere of dust-caked stagnation and labored gentility .,1,1,2
261,3,About Schmidt belongs to Nicholson .,2,2,3
485,2,"Supposedly based upon real , or at least soberly reported incidents , the film ends with a large human tragedy .",2,1,2
5335,0,"The notion of deleting emotion from people , even in an advanced Prozac Nation , is so insanely dysfunctional that the rampantly designed Equilibrium becomes a concept doofus .",0,1,0
4903,2,... passable enough for a shoot-out in the o.k. court house of life type of flick .,2,3,2
4520,2,"It 's harmless , diverting fluff .",2,3,2
4106,2,The best way to describe it is as a cross between Paul Thomas Anderson 's Magnolia and David Lynch 's Mulholland Dr.,1,3,2
4037,4,"What makes How I Killed My Father compelling , besides its terrific performances , is Fontaine 's willingness to wander into the dark areas of parent-child relationships without flinching .",3,3,4
2312,2,Deserves high marks for political courage but barely gets by on its artistic merits .,2,1,2
6053,4,Poetry in motion captured on film .,3,3,4
8050,0,"A so-so , made-for-TV something posing as a real movie .",2,1,0
1679,4,"Brims with passion : for words , for its eccentric , accident-prone characters , and for the crazy things that keep people going in this crazy life .",4,3,4
5207,3,Byler is too savvy a filmmaker to let this morph into a typical romantic triangle .,2,2,3
5890,2,"Not kids , who do n't need the lesson in repugnance .",2,1,2
1316,4,"Spielberg 's first real masterpiece , it deserved all the hearts it won -- and wins still , 20 years later .",4,3,4
11465,3,"A knowing look at female friendship , spiked with raw urban humor .",3,4,3
195,0,"Given the fact that virtually no one is bound to show up at theatres for it , the project should have been made for the tube .",1,1,0
1637,4,"finely crafted , finely written , exquisitely performed",4,3,4
194,0,This thing is virtually unwatchable .,1,1,0
612,0,"The movie is so resolutely cobbled together out of older movies that it even uses a totally unnecessary prologue , just because it seems obligatory .",0,1,0
6529,4,"... plenty of warmth to go around , with music and laughter and the love of family .",4,3,4
2447,0,Has the disjointed feel of a bunch of strung-together TV episodes .,1,1,0
6952,2,The obligatory break-ups and hook-ups do n't seem to have much emotional impact on the characters .,1,1,2
1184,2,"With lesser talents , High Crimes would be entertaining , but forgettable .",2,1,2
3471,2,ending .,2,1,2
3033,2,Is truth stranger than fiction ?,2,3,2
5583,2,"It may not be as cutting , as witty or as true as back in the glory days of Weekend and Two or Three Things I Know About Her , but who else engaged in filmmaking today is so cognizant of the cultural and moral issues involved in the process ?",3,3,2
4143,0,"A 94-minute travesty of unparalleled proportions , writer-director Parker seems to go out of his way to turn the legendary wit 's classic mistaken identity farce into brutally labored and unfunny hokum .",0,1,0
4746,3,"... a light , yet engrossing piece .",3,4,3
4719,3,Almost everyone growing up believes their family must look like `` The Addams Family '' to everyone looking in ... `` My Big Fat Greek Wedding '' comes from the heart ...,3,2,3
6468,0,There is nothing redeeming about this movie .,1,1,0
1805,4,"... once the true impact of the day unfolds , the power of this movie is undeniable .",3,3,4
6193,2,Maybe Thomas Wolfe was right : You ca n't go home again .,2,1,2
4177,1,- greaseballs mob action-comedy .,2,3,1
7306,1,-- that the ` true story ' by which All the Queen 's Men is allegedly `` inspired '' was a lot funnier and more deftly enacted than what 's been cobbled together onscreen .,4,2,1
3920,4,"Thanks to a small star with big heart , this family film sequel is plenty of fun for all .",4,3,4
3230,3,... Rogers 's mouth never stops shut about the war between the sexes and how to win the battle .,3,2,3
8808,2,"Oops , she 's really done it this time .",4,1,2
5092,4,"An amusing and unexpectedly insightful examination of sexual jealousy , resentment and the fine line between passion and pretence .",4,3,4
4837,4,"A fine production with splendid singing by Angela Gheorghiu , Ruggero Raimondi , and Roberto Alagna .",4,3,4
2432,3,Cut through the layers of soap-opera emotion and you find a scathing portrayal of a powerful entity strangling the life out of the people who want to believe in it the most .,2,2,3
2768,4,... a good film that must have baffled the folks in the marketing department .,2,2,4
5863,3,Paid in Full is remarkably engaging despite being noticeably derivative of Goodfellas and at least a half dozen other trouble-in-the-ghetto flicks .,3,2,3
1011,4,"This is a stunning film , a one-of-a-kind tour de force .",4,3,4
2858,2,"Die Another Day is only intermittently entertaining but it 's hard not to be a sucker for its charms , or perhaps it 's just impossible not to feel nostalgia for movies you grew up with .",2,3,2
3,1,"But , like Silence , it 's a movie that gets under your skin .",3,3,1
1508,1,"... while each moment of this broken character study is rich in emotional texture , the journey does n't really go anywhere .",2,2,1
6954,0,The only thing that distinguishes a Randall Wallace film from any other is the fact that there is nothing distinguishing in a Randall Wallace film .,1,1,0
6290,3,"It all plays out ... like a high-end John Hughes comedy , a kind of Elder Bueller 's Time Out .",1,1,3
8888,0,It 's mired in a shabby script that piles layer upon layer of Action Man clich√© atop wooden dialogue and a shifting tone that falls far short of the peculiarly moral amorality of -LRB- Woo 's -RRB- best work .,0,1,0
2305,2,"While Serving Sara does have a long way to go before it reaches the level of crudity in the latest Austin Powers extravaganza , there 's nothing here to match that movie 's intermittent moments of inspiration .",1,1,2
3997,2,an assassin 's greatest hits,2,3,2
2412,0,"A loud , ugly , irritating movie without any of its satirical salvos hitting a discernible target .",0,1,0
2302,4,Isabelle Huppert excels as the enigmatic Mika and Anna Mouglalis is a stunning new young talent in one of Chabrol 's most intense psychological mysteries .,4,3,4
1820,2,"There 's no doubting that this is a highly ambitious and personal project for Egoyan , but it 's also one that , next to his best work , feels clumsy and convoluted .",1,1,2
6632,3,"An eye-boggling blend of psychedelic devices , special effects and backgrounds , ` Spy Kids 2 ' is a visual treat for all audiences .",4,4,3
4299,3,"Reign of Fire is hardly the most original fantasy film ever made -- beyond Road Warrior , it owes enormous debts to Aliens and every previous dragon drama -- but that barely makes it any less entertaining .",1,2,3
2979,4,Its engaging simplicity is driven by appealing leads .,3,3,4
4502,0,"Despite the fact that this film was n't as bad as I thought it was going to be , it 's still not a good movie",1,1,0
11092,0,An artsploitation movie with too much exploitation and too little art .,1,1,0
3354,2,"Bisset delivers a game performance , but she is unable to save the movie .",2,1,2
3587,0,"It is that rare combination of bad writing , bad direction and bad acting -- the trifecta of badness .",0,1,0
4133,3,"A remarkable movie with an unsatisfying ending , which is just the point .",3,1,3
8951,4,Highly watchable stuff .,4,3,4
9711,1,A non-mystery mystery .,2,2,1
7047,2,Trades run-of-the-mill revulsion for extreme unease .,1,1,2
3748,4,Arteta directs one of the best ensemble casts of the year,4,3,4
830,4,Smart and taut .,4,3,4
6309,2,"Director-chef Gabriele Muccino keeps it fast -- zippy , comin ' at ya -- as if fearing that his film is molto superficiale .",2,3,2
1171,3,A deeply felt and vividly detailed story about newcomers in a strange new world .,4,4,3
8894,4,An excellent sequel .,4,3,4
3988,2,"This is not Chabrol 's best , but even his lesser works outshine the best some directors can offer .",2,3,2
788,3,"A fascinating , unnerving examination of the delusions of one unstable man .",4,4,3
1646,4,"Mostly works because of the universal themes , earnest performances ... and excellent use of music by India 's popular Gulzar and Jagjit Singh .",4,3,4
6029,4,"... very funny , very enjoyable ...",4,3,4
3129,2,I survived .,3,3,2
599,4,"Thanks to confident filmmaking and a pair of fascinating performances , the way to that destination is a really special walk in the woods .",4,3,4
4180,4,Monte Cristo smartly emphasizes the well-wrought story and omits needless chase scenes and swordfights as the revenge unfolds .,3,3,4
217,3,"A vivid , sometimes surreal , glimpse into the mysteries of human behavior .",3,4,3
4743,4,... wise and elegiac ...,3,3,4
45,2,Strident and inelegant in its ` message-movie ' posturing .,1,1,2
5091,4,"If you like quirky , odd movies and\/or the ironic , here 's a fun one .",3,3,4
58,4,Sexy and romantic .,4,3,4
60,0,"With a completely predictable plot , you 'll swear that you 've seen it all before , even if you 've never come within a mile of The Longest Yard .",0,1,0
76,2,The camera twirls !,2,1,2
82,0,Skip this turd and pick your nose instead because you 're sure to get more out of the latter experience .,0,1,0
93,0,"The movie is almost completely lacking in suspense , surprise and consistent emotional conviction .",0,1,0
96,2,"On a certain base level , Blue Crush delivers what it promises , just not well enough to recommend it .",2,1,2
105,4,"One of the best , most understated performances of -LRB- Jack Nicholson 's -RRB- career .",4,3,4
122,2,"In trying to be daring and original , it comes off as only occasionally satirical and never fresh .",2,1,2
161,3,A tasty appetizer that leaves you wanting more .,3,4,3
186,2,Ca n't seem to get anywhere near the story 's center .,2,1,2
207,2,It tells its story in a flat manner and leaves you with the impression that you should have gotten more out of it than you did .,2,1,2
227,2,"This English-language version ... does full honor to Miyazaki 's teeming and often unsettling landscape , and to the conflicted complexity of his characters .",2,3,2
274,0,"Madonna has made herself over so often now , there 's apparently nothing left to work with , sort of like Michael Jackson 's nose .",0,1,0
281,2,"But if you 've paid a matinee price and bought a big tub of popcorn , there 's guilty fun to be had here .",2,3,2
305,2,It 's time to let your hair down -- Greek style .,2,3,2
308,0,"We started to wonder if ... some unpaid intern had just typed ` Chris Rock , ' ` Anthony Hopkins ' and ` terrorists ' into some Univac-like script machine .",0,1,0
332,0,"An ugly , pointless , stupid movie .",0,1,0
337,4,Well cast and well directed - a powerful drama with enough sardonic wit to keep it from being maudlin .,4,3,4
377,4,"Like Brosnan 's performance , Evelyn comes from the heart .",4,3,4
461,4,"With few respites , Marshall keeps the energy humming , and his edits , unlike those in Moulin Rouge , are crisp and purposeful without overdoing it .",4,3,4
509,2,"The Sweetest Thing , a romantic comedy with outrageous tendencies , may be a mess in a lot of ways .",2,1,2
515,0,It just did n't mean much to me and played too skewed to ever get a hold on -LRB- or be entertained by -RRB- .,0,1,0
598,2,What begins as a film in the tradition of The Graduate quickly switches into something more recyclable than significant .,2,1,2
601,0,Scarcely worth a mention apart from reporting on the number of tumbleweeds blowing through the empty theatres graced with its company .,0,1,0
636,4,"MacDowell ... gives give a solid , anguished performance that eclipses nearly everything else she 's ever done .",4,3,4
658,2,"Feels like nothing quite so much as a middle-aged moviemaker 's attempt to surround himself with beautiful , half-naked women .",2,1,2
723,2,Where Bowling for Columbine is at its most valuable is in its examination of America 's culture of fear as a root cause of gun violence .,2,3,2
727,0,Plotless collection of moronic stunts is by far the worst movie of the year .,0,1,0
737,0,The script was reportedly rewritten a dozen times -- either 11 times too many or else too few .,0,1,0
755,1,And adults will at least have a dream image of the West to savor whenever the film 's lamer instincts are in the saddle .,1,3,1
792,2,So brisk is Wang 's pacing that none of the excellent cast are given air to breathe .,2,1,2
845,2,It 's another retelling of Alexandre Dumas ' classic .,2,3,2
906,2,`` Not really as bad as you might think ! '',2,3,2
920,0,"The film 's trailer also looked like crap , so crap is what I was expecting .",0,1,0
935,4,"The film just might turn on many people to opera , in general , an art form at once visceral and spiritual , wonderfully vulgar and sublimely lofty -- and as emotionally grand as life .",4,3,4
938,3,"How good this film might be , depends if you believe that the shocking conclusion is too much of a plunge or not .",3,1,3
943,0,"What remains is a variant of the nincompoop Benigni persona , here a more annoying , though less angry version of the irresponsible Sandlerian manchild , undercut by the voice of the star of Road Trip .",0,1,0
951,3,"White Oleander may leave you rolling your eyes in the dark , but that does n't mean you wo n't like looking at it .",3,2,3
958,4,The most compelling performance of the year adds substantial depth to this shocking testament to anti-Semitism and neo-fascism .,4,3,4
1024,0,"The documentary is much too conventional -- lots of boring talking heads , etc. -- to do the subject matter justice .",0,1,0
1027,2,Nair does n't use -LRB- Monsoon Wedding -RRB- to lament the loss of culture .,2,1,2
1031,2,` Hey Arnold ! ',2,3,2
1046,2,A really funny fifteen-minute short stretched beyond its limits to fill an almost feature-length film .,2,3,2
1056,1,Any rock pile will do for a set .,1,2,1
1085,4,"A movie I loved on first sight and , even more important , love in remembrance .",4,3,4
1088,0,A ragbag of cliches .,0,1,0
1095,2,Too many improbabilities and rose-colored situations temper what could 've been an impacting film .,2,1,2
1159,0,"but rather , ` How can you charge money for this ? '",0,1,0
1210,4,"The art direction is often exquisite , and the anthropomorphic animal characters are beautifully realized through clever makeup design , leaving one to hope that the eventual DVD release will offer subtitles and the original Italian-language soundtrack .",4,3,4
1211,3,"When twentysomething hotsies make movies about their lives , hard-driving narcissism is a given , but what a world we 'd live in if Argento 's Hollywood counterparts ... had this much imagination and nerve .",3,2,3
1256,0,Generic thriller junk .,0,1,0
1307,2,In a word : No. .,2,1,2
1360,4,"Writer-director David Jacobson and his star , Jeremy Renner , have made a remarkable film that explores the monster 's psychology not in order to excuse him but rather to demonstrate that his pathology evolved from human impulses that grew hideously twisted .",4,3,4
1373,3,An average kid-empowerment fantasy with slightly above-average brains .,3,1,3
1374,2,"The whole mildly pleasant outing -- the R rating is for brief nudity and a grisly corpse -- remains aloft not on its own self-referential hot air , but on the inspired performance of Tim Allen .",2,3,2
1430,2,A frustrating yet deeply watchable melodrama that makes you think it 's a tougher picture than it is .,2,3,2
1448,1,"It does n't flinch from its unsettling prognosis , namely , that the legacy of war is a kind of perpetual pain .",1,2,1
1451,2,The respective charms of Sandra Bullock and Hugh Grant have worn threadbare .,2,1,2
1465,1,Deserving of its critical backlash and more .,1,3,1
1467,0,Dripping with cliche and bypassing no opportunity to trivialize the material .,0,1,0
1468,4,This is a sincerely crafted picture that deserves to emerge from the traffic jam of holiday movies .,4,3,4
1520,4,"This is pure , exciting moviemaking .",4,3,4
1587,4,It 's as raw and action-packed an experience as a ringside seat at a tough-man contest .,4,3,4
1593,2,Charming and funny -LRB- but ultimately silly -RRB- movie .,2,3,2
1665,2,Sayles is making a statement about the inability of dreams and aspirations to carry forward into the next generation .,2,1,2
1691,0,My own minority report is that it stinks .,0,1,0
1738,4,Nicholson 's understated performance is wonderful .,4,3,4
1750,3,A bodice-ripper for intellectuals .,3,1,3
1772,4,"The film is visually dazzling , the depicted events dramatic , funny and poignant .",4,3,4
1806,0,This is just lazy writing .,0,1,0
1852,2,"The actresses may have worked up a back story for the women they portray so convincingly , but viewers do n't get enough of that background for the characters to be involving as individuals rather than types .",2,1,2
1866,0,So putrid it is not worth the price of the match that should be used to burn every print of the film .,0,1,0
1872,3,A thought-provoking and often-funny drama about isolation .,3,4,3
1886,1,"There 's a delightfully quirky movie to be made from curling , but Brooms is n't it .",1,2,1
1942,3,The first Bond movie in ages that is n't fake fun .,3,1,3
1964,0,"If you enjoy being rewarded by a script that assumes you are n't very bright , then Blood Work is for you .",0,1,0
1993,0,"Muddled , simplistic and more than a little pretentious .",0,1,0
2036,2,"A very familiar tale , one that 's been told by countless filmmakers about Italian - , Chinese - , Irish - , Latin - , Indian - , Russian - and other hyphenate American young men struggling to balance conflicting cultural messages .",2,3,2
2042,0,"Bread , My Sweet has so many flaws it would be easy for critics to shred it .",0,1,0
2048,2,Draggin ' about dragons,2,1,2
2063,0,Rashomon-for-dipsticks tale .,0,1,0
2079,2,"Not to mention a sharper , cleaner camera lens .",2,3,2
2082,4,This may be Burns 's strongest film since The Brothers McMullen .,4,3,4
2088,4,"Sparkling , often hilarious romantic jealousy comedy ... Attal looks so much like a young Robert DeNiro that it seems the film should instead be called ` My Husband Is Travis Bickle ' .",4,3,4
2095,4,"Gangster No. 1 is solid , satisfying fare for adults .",4,3,4
2121,2,For free .,2,3,2
2123,2,"... a visually seductive , unrepentantly trashy take on Rice 's second installment of her Vampire Chronicles .",2,3,2
2125,4,A serious movie with serious ideas .,4,3,4
2189,3,"If cinema had been around to capture the chaos of France in the 1790 's , one imagines the result would look like something like this .",3,2,3
2210,4,Beautiful to watch and holds a certain charm .,4,3,4
2283,4,"Williams creates a stunning , Taxi Driver-esque portrayal of a man teetering on the edge of sanity .",4,3,4
2303,4,The performances are remarkable .,4,3,4
2364,0,"The Sum of All Fears pretends to be a serious exploration of nuclear terrorism , but it 's really nothing more than warmed-over Cold War paranoia .",0,1,0
2410,2,The film 's only missteps come from the script 's insistence on providing deep emotional motivation for each and every one of Abagnale 's antics .,2,1,2
2411,4,By turns very dark and very funny .,4,3,4
2414,1,But here 's a movie about it anyway .,1,2,1
2450,2,"A well-acted , but one-note film .",2,1,2
2513,0,"It 's hard to imagine any recent film , independent or otherwise , that makes as much of a mess as this one .",0,1,0
2565,3,"Sly , sophisticated and surprising .",3,4,3
2578,3,"The film 's strength is n't in its details , but in the larger picture it paints - of a culture in conflict with itself , with the thin veneer of nationalism that covers our deepest , media-soaked fears .",3,2,3
2661,4,"The film brilliantly shines on all the characters , as the direction is intelligently accomplished .",4,3,4
2670,1,"Although God Is Great addresses interesting matters of identity and heritage , it 's hard to shake the feeling that it was intended to be a different kind of film .",1,2,1
2709,2,"Quitting delivers a sucker-punch , and its impact is all the greater beause director Zhang 's last film , the cuddly Shower , was a non-threatening multi-character piece centered around a public bath house .",2,3,2
2728,2,He 's worked too hard on this movie .,2,1,2
2743,4,The most amazing super-sized dosage of goofball stunts any `` Jackass '' fan could want .,4,3,4
2798,2,Photographed with melancholy richness and eloquently performed yet also decidedly uncinematic .,2,3,2
2859,2,I 'm not generally a fan of vegetables but this batch is pretty cute .,2,3,2
2867,4,Irwin is so earnest that it 's hard to resist his pleas to spare wildlife and respect their environs .,4,3,4
2873,0,"... unspeakably , unbearably dull , featuring reams of flatly delivered dialogue and a heroine who comes across as both shallow and dim-witted .",0,1,0
2905,4,That 's fun for kids of any age .,4,3,4
2927,2,Charlize CHASES Kevin with a GUN .,2,1,2
2944,2,"An involving , inspirational drama that sometimes falls prey to its sob-story trappings .",2,3,2
3019,0,"The characters are so generic and the plot so bland that even as rogue CIA assassins working for Chris Cooper 's agency boss close in on the resourceful amnesiac , we do n't feel much for Damon\/Bourne or his predicament .",0,1,0
3042,2,Would you laugh if a tuba-playing dwarf rolled down a hill in a trash can ?,2,1,2
3056,3,"Pure cinematic intoxication , a wildly inventive mixture of comedy and melodrama , tastelessness and swooning elegance .",3,4,3
3058,0,"A long , dull procession of despair , set to cello music culled from a minimalist funeral .",0,1,0
3063,0,You can practically hear George Orwell turning over .,0,2,0
3075,1,Taken outside the context of the current political climate -LRB- see : terrorists are more evil than ever ! -RRB-,1,2,1
3097,3,A winning piece of work filled with love for the movies of the 1960s .,3,4,3
3102,4,Spiderman ROCKS,4,3,4
3134,2,It is up to you to decide if you need to see it .,2,3,2
3225,0,Movies like High Crimes flog the dead horse of surprise as if it were an obligation .,0,1,0
3228,0,Run for your lives !,0,3,0
3259,2,"All the filmmakers are asking of us , is to believe in something that is improbable .",2,1,2
3265,2,Anyone who gets chills from movies with giant plot holes will find plenty to shake and shiver about in ` The Ring . ',2,3,2
3266,4,The film offers an intriguing what-if premise .,4,3,4
3277,2,"When the precise nature of Matthew 's predicament finally comes into sharp focus , the revelation fails to justify the build-up .",2,1,2
3287,2,"Fubar is very funny , but not always in a laugh-out-loud way .",2,3,2
3298,0,"Aloof and lacks any real raw emotion , which is fatal for a film that relies on personal relationships .",0,1,0
3299,0,... irritating soul-searching garbage .,0,1,0
3333,4,"There is no substitute for on-screen chemistry , and when Friel pulls the strings that make Williams sink into melancholia , the reaction in Williams is as visceral as a gut punch .",4,3,4
3388,2,"Twenty years later , Reggio still knows how to make a point with poetic imagery , but his ability to startle has been stifled by the very prevalence of the fast-forward technology that he so stringently takes to task .",2,1,2
3406,4,"The performances are immaculate , with Roussillon providing comic relief .",4,3,4
3441,3,"Uneven , self-conscious but often hilarious spoof .",3,2,3
3456,0,"Stitch is a bad mannered , ugly and destructive little \*\*\*\* .",0,1,0
3507,2,"I was hoping that it would be sleazy and fun , but it was neither .",2,1,2
3537,0,"In other words , about as bad a film you 're likely to see all year .",0,1,0
3588,4,"Mike White 's deft combination of serious subject matter and dark , funny humor make `` The Good Girl '' a film worth watching .",4,3,4
3615,2,Handsome and sincere but slightly awkward in its combination of entertainment and evangelical boosterism .,2,3,2
3632,2,"The Santa Clause 2 is a barely adequate babysitter for older kids , but I 've got to give it thumbs down .",2,1,2
3643,4,About as big a crowdpleaser as they possibly come .,4,1,4
3690,4,"Whatever heartwarming scene the impressively discreet filmmakers may have expected to record with their mini DV , they show a remarkable ability to document both sides of this emotional car-wreck .",4,3,4
3693,0,"Even on its own ludicrous terms , The Sum of All Fears generates little narrative momentum , and invites unflattering comparisons to other installments in the Ryan series .",0,1,0
3717,4,"Light-years ahead of paint-by-number American blockbusters like Pearl Harbor , at least artistically .",4,1,4
3744,2,"The boys ' sparring , like the succession of blows dumped on Guei , wears down the story 's more cerebral , and likable , plot elements .",2,1,2
3753,0,It appears to have been made by people to whom the idea of narrative logic or cohesion is an entirely foreign concept .,0,1,0
3824,2,"Peralta 's mythmaking could have used some informed , adult hindsight .",2,1,2
3855,4,The writing is clever and the cast is appealing .,4,3,4
3856,0,"Take away the controversy , and it 's not much more watchable than a Mexican soap opera .",0,1,0
3875,2,Less worrying about covering all the drama in Frida 's life and more time spent exploring her process of turning pain into art would have made this a superior movie .,2,3,2
3915,0,"Imagine Kevin Smith , the blasphemous bad boy of suburban Jersey , if he were stripped of most of his budget and all of his sense of humor .",0,1,0
3927,4,"Shot in rich , shadowy black-and-white , Devils chronicles , with increasingly amused irony , the relationship between reluctant captors and befuddled captives .",4,3,4
3955,2,"But it is set in a world that is very , very far from the one most of us inhabit .",2,1,2
3957,2,One thing is for sure : This movie does not tell you a whole lot about Lily Chou-Chou .,2,1,2
3959,0,The plot is paper-thin and the characters are n't interesting enough to watch them go about their daily activities for two whole hours .,0,1,0
4006,2,` Rare Birds ' tries to force its quirkiness upon the audience .,2,1,2
4009,2,"Everything else about High Crimes is , like the military system of justice it portrays , tiresomely regimented .",2,1,2
4017,2,Ozpetek joins the ranks of those gay filmmakers who have used the emigre experience to explore same-sex culture in ways that elude the more nationally settled .,2,3,2
4052,3,One of the most gloriously unsubtle and adrenalized extreme shockers since The Evil Dead .,3,4,3
4104,4,"Warm in its loving yet unforgivingly inconsistent depiction of everyday people , relaxed in its perfect quiet pace and proud in its message .",4,3,4
4181,2,"Ram Dass Fierce Grace moulds itself as an example to up-and-coming documentarians , of the overlooked pitfalls of such an endeavour .",2,3,2
4200,0,"Nobody seems to have cared much about any aspect of it , from its cheesy screenplay to the grayish quality of its lighting to its last-minute , haphazard theatrical release .",0,1,0
4213,1,"It 's Tommy 's job to clean the peep booths surrounding her , and after viewing this one , you 'll feel like mopping up , too .",1,2,1
4214,0,... a weak and ineffective ghost story without a conclusion or pay off .,0,1,0
4223,0,"Another week , another gross-out college comedy -- ugh .",0,1,0
4227,4,"Even when there are lulls , the emotions seem authentic , and the picture is so lovely toward the end ... you almost do n't notice the 129-minute running time .",4,3,4
4237,2,"Thanks to Ice Cube , Benjamins feels an awful lot like Friday in Miami .",2,1,2
4259,3,A heartening tale of small victories and enduring hope .,3,4,3
4301,4,The story ultimately takes hold and grips hard .,4,3,4
4309,3,"One of those rare films that come by once in a while with flawless amounts of acting , direction , story and pace .",3,4,3
4409,2,"Ultimately , Jane learns her place as a girl , softens up and loses some of the intensity that made her an interesting character to begin with .",2,1,2
4413,2,"Few of the increasingly far-fetched events that first-time writer-director Neil Burger follows up with are terribly convincing , which is a pity , considering Barry 's terrific performance .",2,1,2
4420,4,"This is a movie that refreshes the mind and spirit along with the body , so original is its content , look , and style .",4,3,4
4435,4,"That Jack Nicholson makes this man so watchable is a tribute not only to his craft , but to his legend .",4,3,4
4444,2,"A perfectly acceptable , perfectly bland , competently acted but by no means scary horror movie .",2,3,2
4460,4,Offers a guilt-free trip into feel-good territory .,4,3,4
4495,2,"Streamlined to a tight , brisk 85-minute screwball thriller , `` Big Trouble '' is funny , harmless and as substantial as a tub of popcorn with extra butter .",2,3,2
4510,2,"Holds limited appeal to those who like explosions , sadism and seeing people beat each other to a pulp .",2,1,2
4526,1,"Too campy to work as straight drama and too violent and sordid to function as comedy , Vulgar is , truly and thankfully , a one-of-a-kind work .",1,3,1
4558,0,"The nonstop artifice ultimately proves tiresome , with the surface histrionics failing to compensate for the paper-thin characterizations and facile situations .",0,1,0
4583,4,Writer and director Otar Iosseliani 's pleasant tale about a factory worker who escapes for a holiday in Venice reveals how we all need a playful respite from the grind to refresh our souls .,4,3,4
4626,4,Bolstered by exceptional performances and a clear-eyed take on the economics of dealing and the pathology of ghetto fabulousness .,4,3,4
4632,3,God bless Crudup and his aversion to taking the easy Hollywood road and cashing in on his movie-star gorgeousness .,3,2,3
4664,3,"When one hears Harry Shearer is going to make his debut as a film director , one would hope for the best",3,2,3
4678,2,"The film did n't move me one way or the other , but it was an honest effort and if you want to see a flick about telemarketers this one will due .",2,3,2
4723,0,"The movie 's plot is almost entirely witless and inane , carrying every gag two or three times beyond its limit to sustain a laugh .",0,1,0
4758,3,"One of the funniest motion pictures of the year , but ... also one of the most curiously depressing .",3,2,3
4804,3,The ending feels at odds with the rest of the film .,3,1,3
4807,1,"Pretty much sucks , but has a funny moment or two .",1,2,1
4819,2,"Explosions , jokes , and sexual innuendoes abound .",2,3,2
4873,2,A late-night cable sexploitation romp masquerading as a thriller about the ruthless social order that governs college cliques .,2,1,2
4890,0,All of the filmmakers ' calculations ca n't rescue Brown Sugar from the curse of blandness .,0,1,0
4930,2,"Interesting , but not compelling .",2,1,2
4938,0,"Poor editing , bad bluescreen , and ultra-cheesy dialogue highlight the radical action .",0,1,0
5004,2,"Not everything in the film works , including its somewhat convenient ending .",2,1,2
5030,0,"The actors improvise and scream their way around this movie directionless , lacking any of the rollicking dark humor so necessary to make this kind of idea work on screen .",0,1,0
5044,0,"Interminably bleak , to say nothing of boring .",0,1,0
5072,3,"A rock-solid gangster movie with a fair amount of suspense , intriguing characters and bizarre bank robberies , plus a heavy dose of father-and-son dynamics .",3,4,3
5133,0,"... an airless , prepackaged Julia Roberts wannabe that stinks so badly of hard-sell image-mongering you 'll wonder if Lopez 's publicist should share screenwriting credit .",0,1,0
5168,4,I like this movie a lot .,4,3,4
5180,0,What might have emerged as hilarious lunacy in the hands of Woody Allen or Mel Brooks -LRB- at least during their '70s heyday -RRB- comes across as lame and sophomoric in this debut indie feature .,0,1,0
5209,0,Horrible .,0,1,0
5218,2,"Everything its title implies , a standard-issue crime drama spat out from the Tinseltown assembly line .",2,1,2
5224,0,Aggravating and tedious .,0,1,0
5235,2,"It 's better than mid-range Steven Seagal , but not as sharp as Jet Li on rollerblades .",2,1,2
5266,4,"The best didacticism is one carried by a strong sense of humanism , and Bertrand Tavernier 's oft-brilliant Safe Conduct -LRB- `` Laissez-passer '' -RRB- wears its heart on its sleeve .",4,3,4
5278,4,"A smart , provocative drama that does the nearly impossible : It gets under the skin of a man we only know as an evil , monstrous lunatic .",4,3,4
5294,4,"The determination of Pinochet 's victims to seek justice , and their often heartbreaking testimony , spoken directly into director Patricio Guzman 's camera , pack a powerful emotional wallop .",4,3,4
5299,4,"The story ... is inspiring , ironic , and revelatory of just how ridiculous and money-oriented the record industry really is .",4,3,4
5321,4,Nicole Kidman makes it a party worth attending .,4,3,4
5345,4,"In addition to Hoffman 's powerful acting clinic , this is that rare drama that offers a thoughtful and rewarding glimpse into the sort of heartache everyone has felt , or will feel someday .",4,3,4
5353,2,A rather average action film that benefits from several funny moments supplied by Epps .,2,1,2
5354,4,Chamber of Secrets will find millions of eager fans .,4,3,4
5392,2,"Call this The Full Monty on ice , the underdog sports team formula redux .",2,3,2
5418,4,"Gosling creates a staggeringly compelling character , a young man whose sharp intellect is at the very root of his contradictory , self-hating , self-destructive ways .",4,3,4
5480,4,Spielberg 's realization of a near-future America is masterful .,4,3,4
5492,4,I am highly amused by the idea that we have come to a point in society where it has been deemed important enough to make a film in which someone has to be hired to portray Richard Dawson .,4,1,4
5493,0,Epps has neither the charisma nor the natural affability that has made Tucker a star .,0,1,0
5496,2,"Old people will love this movie , and I mean that in the nicest possible way : Last Orders will touch the heart of anyone old enough to have earned a 50-year friendship .",2,3,2
5513,0,"The issues are presented in such a lousy way , complete with some of the year 's -LRB- unintentionally -RRB- funniest moments , that it 's impossible to care .",0,1,0
5522,1,Uzumaki 's interesting social parallel and defiant aesthetic seems a prostituted muse ...,1,2,1
5526,0,"I 'm not sure which half of Dragonfly is worse : The part where nothing 's happening , or the part where something 's happening , but it 's stupid .",0,1,0
5549,0,The Ya-Ya 's have many secrets and one is - the books are better .,0,3,0
5558,4,Really quite funny .,4,3,4
5578,0,"I liked the original short story but this movie , even at an hour and twenty-some minutes , it 's too long and it goes nowhere .",0,1,0
5618,4,A knowing sense of humor and a lot of warmth ignite Son of the Bride .,4,3,4
5633,4,He makes you realize that deep inside righteousness can be found a tough beauty .,4,3,4
5693,1,"But first , you have to give the audience a reason to want to put for that effort",1,3,1
5696,4,"More than their unique residences , Home Movie is about the people who live in them , who have carved their own comfortable niche in the world and have been kind enough to share it .",4,3,4
5712,2,"Qutting may be a flawed film , but it is nothing if not sincere .",2,3,2
5715,0,"It 's a feel-bad ending for a depressing story that throws a bunch of hot-button items in the viewer 's face and asks to be seen as hip , winking social commentary .",0,1,0
5780,3,There 's a part of us that can not help be entertained by the sight of someone getting away with something .,3,2,3
5799,2,"Tom Green and an Ivy League college should never appear together on a marquee , especially when the payoff is an unschooled comedy like Stealing Harvard , which fails to keep 80 minutes from seeming like 800 .",2,1,2
5805,4,"You 're not merely watching history , you 're engulfed by it .",4,3,4
5810,4,It 's a feel-good movie about which you can actually feel good .,4,3,4
5832,3,Rehearsals are frequently more fascinating than the results .,3,1,3
5836,0,A fifty car pileup of cliches .,0,1,0
5847,2,` Would n't it be nice if all guys got a taste of what it 's like on the other side of the bra ? ',2,3,2
5861,4,"This is an exercise in chilling style , and Twohy films the sub , inside and out , with an eye on preserving a sense of mystery .",4,3,4
5875,4,"The first Tunisian film I have ever seen , and it 's also probably the most good-hearted yet sensual entertainment I 'm likely to see all year .",4,3,4
5894,4,"Seems based on ugly ideas instead of ugly behavior , as Happiness was ... Hence , Storytelling is far more appealing .",4,1,4
5933,4,"And thanks to Kline 's superbly nuanced performance , that pondering is highly pleasurable .",4,3,4
5935,2,The movie is obviously a labour of love so Howard appears to have had free rein to be as pretentious as he wanted .,2,3,2
5961,1,"Neither as scary-funny as Tremors nor demented-funny as Starship Troopers , the movie is n't tough to take as long as you 've paid a matinee price .",1,2,1
6025,2,Let 's hope not .,2,1,2
6028,2,"Although tender and touching , the movie would have benefited from a little more dramatic tension and some more editing .",2,3,2
6065,2,"The Emperor 's Club is one of those films that possesses all the good intentions in the world , but ...",2,1,2
6078,2,"A canny , derivative , wildly gruesome portrait of a London sociopath who 's the scariest of sadists .",2,3,2
6172,0,"The movie is silly beyond comprehension , and even if it were n't silly , it would still be beyond comprehension .",0,1,0
6207,0,"Unspeakable , of course , barely begins to describe the plot and its complications .",0,1,0
6219,2,"A fine film , but it would be a lot better if it stuck to Betty Fisher and left out the other stories .",2,1,2
6296,0,"There is no psychology here , and no real narrative logic -- just a series of carefully choreographed atrocities , which become strangely impersonal and abstract .",0,1,0
6299,0,Makes 98 minutes feel like three hours .,0,1,0
6319,4,The lively appeal of The Last Kiss lies in the ease with which it integrates thoughtfulness and pasta-fagioli comedy .,4,3,4
6343,2,Weiss and Speck never make a convincing case for the relevance of these two 20th-century footnotes .,2,1,2
6381,2,Simply does n't have sufficient heft to justify its two-hour running time .,2,1,2
6398,0,"The action scenes have all the suspense of a 20-car pileup , while the plot holes are big enough for a train car to drive through -- if Kaos had n't blown them all up .",0,1,0
6432,0,This thing works on no level whatsoever for me .,0,1,0
6436,1,"This tale has been told and retold ; the races and rackets change , but the song remains the same .",1,2,1
6472,2,The movie plays up the cartoon 's more obvious strength of snazziness while neglecting its less conspicuous writing strength .,2,1,2
6486,1,"With the dog days of August upon us , think of this dog of a movie as the cinematic equivalent of high humidity .",1,3,1
6544,2,"When you think you 've figured out Bielinsky 's great game , that 's when you 're in the most trouble : He 's the con , and you 're just the mark .",2,1,2
6545,4,"A simple tale of an unlikely friendship , but thanks to the gorgeous locales and exceptional lead performances , it has considerable charm .",4,3,4
6547,2,The most ill-conceived animated comedy since the 1991 dog Rover Dangerfield .,2,1,2
6577,0,It 's so devoid of joy and energy it makes even Jason X ... look positively Shakesperean by comparison .,0,1,0
6588,4,A film that begins with the everyday lives of naval personnel in San Diego and ends with scenes so true and heartbreaking that tears welled up in my eyes both times I saw the film .,4,3,4
6622,2,"Unintelligible , poorly acted , brain-slappingly bad , Harvard Man is ludicrous enough that it could become a cult classic .",2,1,2
6661,2,"The sequel is everything the original was not : contrived , overblown and tie-in ready .",2,1,2
6663,4,"It 's all about Anakin ... and the lustrous polished visuals rich in color and creativity and , of course , special effect .",4,3,4
6829,4,"The production has been made with an enormous amount of affection , so we believe these characters love each other .",4,3,4
6923,2,"fast , frantic and fun , but also soon forgotten",2,3,2
6931,3,"It 's excessively quirky and a little underconfident in its delivery , but otherwise this is the best ` old neighborhood ' project since Christopher Walken kinda romanced Cyndi Lauper in The Opportunists .",3,2,3
6966,0,"A lot of talent is wasted in this crass , low-wattage endeavor .",0,1,0
6981,2,"If there ai n't none , you have a problem .",2,1,2
7005,0,Feels more like a rejected X-Files episode than a credible account of a puzzling real-life happening .,0,1,0
7027,0,"Of all the Halloween 's , this is the most visually unappealing .",0,1,0
7030,1,Thoroughly engrossing and ultimately tragic .,1,4,1
7032,4,"Whatever one makes of its political edge , this is beautiful filmmaking from one of French cinema 's master craftsmen .",4,3,4
7109,0,"As pure over-the-top trash , any John Waters movie has it beat by a country mile .",0,1,0
7124,0,"It 's possible that something hip and transgressive was being attempted here that stubbornly refused to gel , but the result is more puzzling than unsettling .",0,1,0
7144,2,Feels untidily honest .,2,3,2
7154,4,-- but it makes for one of the most purely enjoyable and satisfying evenings at the movies I 've had in a while .,4,3,4
7174,4,One of those terrific documentaries that collect a bunch of people who are enthusiastic about something and then figures out how to make us share their enthusiasm .,4,3,4
7206,0,One of those strained caper movies that 's hardly any fun to watch and begins to vaporize from your memory minutes after it ends .,0,1,0
7211,3,"This is a dark , gritty , sometimes funny little gem .",3,4,3
7253,1,"The film has a kind of hard , cold effect .",1,3,1
7288,2,Ali 's graduation from little screen to big is far less painful than his opening scene encounter with an over-amorous terrier .,2,1,2
7309,3,"An engaging , formulaic sports drama that carries a charge of genuine excitement .",3,4,3
7330,3,Wise and deadpan humorous .,3,4,3
7346,4,"Special P.O.V. camera mounts on bikes , skateboards , and motorcycles provide an intense experience when splashed across the immense IMAX screen .",4,3,4
7383,1,"hard as this may be to believe , Here on Earth , a surprisingly similar teen drama , was a better film .",1,2,1
7458,0,Should have gone straight to video .,0,1,0
7483,2,Does little to elaborate the conceit of setting this blood-soaked tragedy of murderous ambition in the era of Richard Nixon .,2,1,2
7493,2,"If legendary shlockmeister Ed Wood had ever made a movie about a vampire , it probably would look a lot like this alarming production , adapted from Anne Rice 's novel The Vampire Chronicles .",2,1,2
7521,2,"In a 102-minute film , Aaliyah gets at most 20 minutes of screen time .",2,1,2
7540,4,"A beautiful , entertaining two hours .",4,3,4
7550,4,"This makes Minority Report necessary viewing for sci-fi fans , as the film has some of the best special effects ever .",4,3,4
7595,3,Too clever by about nine-tenths .,3,1,3
7596,2,A life-size reenactment of those Jack Chick cartoon tracts that always ended with some hippie getting tossed into the lake of fire .,2,1,2
7602,2,The whole affair is as predictable as can be .,2,1,2
7669,2,Although it does n't always hang together -- violence and whimsy do n't combine easily -- `` Cherish '' certainly is n't dull .,2,3,2
7683,4,A must see for all sides of the political spectrum,4,3,4
7693,4,"A miraculous movie , I 'm Going Home is so slight , yet overflows with wisdom and emotion .",4,3,4
7697,3,"While not quite `` Shrek '' or `` Monsters , Inc. '' , it 's not too bad .",3,2,3
7705,2,Those of you who do n't believe in Santa Claus probably also think that sequels can never capture the magic of the original .,2,1,2
7706,2,I was sent a copyof this film to review on DVD .,2,3,2
7710,4,"I stopped thinking about how good it all was , and started doing nothing but reacting to it - feeling a part of its grand locations , thinking urgently as the protagonists struggled , feeling at the mercy of its inventiveness , gasping at its visual delights .",4,3,4
7753,3,"Exactly what its title implies : lusty , boisterous and utterly charming .",3,4,3
7759,3,It thankfully goes easy on the reel\/real world dichotomy that -LRB- Jaglom -RRB- pursued with such enervating determination in Venice\/Venice .,3,2,3
7826,4,The film has a terrific look and Salma Hayek has a feel for the character at all stages of her life .,4,3,4
7837,0,The only thing scary about feardotcom is that the filmmakers and studio are brazen enough to attempt to pass this stinker off as a scary movie .,0,1,0
7850,4,"insightfully written , delicately performed",4,3,4
7865,4,A well-rounded tribute to a man whose achievements -- and complexities -- reached far beyond the end zone .,4,3,4
7873,0,"90 punitive minutes of eardrum-dicing gunplay , screeching-metal smashups , and flaccid odd-couple sniping .",0,1,0
7890,2,This version of H.G. Wells ' Time Machine was directed by H.G. Wells ' great-grandson .,2,3,2
7909,2,Wobbly Senegalese updating of `` Carmen '' which is best for the stunning star turn by Djeinaba Diop Gai,2,3,2
7932,2,"In many ways , reminiscent of 1992 's Unforgiven which also utilized the scintillating force of its actors to draw out the menace of its sparse dialogue .",2,3,2
7946,0,"No amount of arty theorizing -- the special effects are ` German-Expressionist , ' according to the press notes -- can render it anything but laughable .",0,1,0
7993,2,"Brown 's saga , like many before his , makes for snappy prose but a stumblebum of a movie .",2,1,2
8027,2,But fans of the show should not consider this a diss .,2,3,2
8049,4,"Twenty years after its first release , E.T. remains the most wondrous of all Hollywood fantasies -- and the apex of Steven Spielberg 's misunderstood career .",4,3,4
8139,4,"Brash , intelligent and erotically perplexing , Haneke 's portrait of an upper class Austrian society and the suppression of its tucked away demons is uniquely felt with a sardonic jolt .",4,3,4
8159,2,Hey Arnold !,2,3,2
8173,2,"With three excellent principal singers , a youthful and good-looking diva and tenor and richly handsome locations , it 's enough to make you wish Jacquot had left well enough alone and just filmed the opera without all these distortions of perspective .",2,3,2
8197,2,"Witherspoon puts to rest her valley-girl image , but it 's Dench who really steals the show .",2,3,2
8216,1,"By no means a slam-dunk and sure to ultimately disappoint the action fans who will be moved to the edge of their seats by the dynamic first act , it still comes off as a touching , transcendent love story .",1,3,1
8219,2,"Oh , and Booty Call .",2,3,2
8243,4,"In addition to gluing you to the edge of your seat , Changing Lanes is also a film of freshness , imagination and insight .",4,3,4
8250,0,Why spend $ 9 on the same stuff you can get for a buck or so in that greasy little vidgame pit in the theater lobby ?,0,1,0
8334,0,"A movie more to be prescribed than recommended -- as visually bland as a dentist 's waiting room , complete with soothing Muzak and a cushion of predictable narrative rhythms .",0,1,0
8339,2,"It is not what you see , it is what you think you see .",2,1,2
8346,2,"I 'm happy to have seen it -- not as an alternate version , but as the ultimate exercise in viewing deleted scenes .",2,3,2
8402,0,"Not counting a few gross-out comedies I 've been trying to forget , this is the first film in a long time that made me want to bolt the theater in the first 10 minutes .",0,1,0
8403,2,This new Time Machine is hardly perfect ... yet it proves surprisingly serviceable .,2,3,2
8424,1,Time of Favor could have given audiences the time of day by concentrating on the elements of a revealing alienation among a culture of people who sadly are at hostile odds with one another through recklessness and retaliation .,1,2,1
8431,0,"Offers no new insight on the matter , nor do its characters exactly spring to life .",0,1,0
8434,4,"This is an extraordinary film , not least because it is Japanese and yet feels universal .",4,3,4
8520,2,meanders between its powerful moments .,2,3,2
8523,3,"Muccino seems to be exploring the idea of why human beings long for what they do n't have , and how this gets us in trouble .",3,1,3
8544,2,"A slight and obvious effort , even for one whose target demographic is likely still in the single digits , age-wise .",2,1,2
8588,0,We do n't get paid enough to sit through crap like this .,0,1,0
8606,2,Or that the battery on your watch has died .,2,1,2
8647,0,"It 's dull , spiritless , silly and monotonous : an ultra-loud blast of pointless mayhem , going nowhere fast .",0,1,0
8667,1,"Feels like the work of someone who may indeed have finally aged past his prime ... and , perhaps more than he realizes , just wants to be liked by the people who can still give him work .",1,2,1
8674,2,"Works because we 're never sure if Ohlinger 's on the level or merely a dying , delusional man trying to get into the history books before he croaks .",2,1,2
8783,2,Hilarious musical comedy though stymied by accents thick as mud .,2,1,2
8784,2,"Although melodramatic and predictable , this romantic comedy explores the friendship between five Filipino-Americans and their frantic efforts to find love .",2,3,2
8788,0,This thing is just garbage .,0,1,0
8801,4,Begins like a docu-drama but builds its multi-character story with a flourish .,4,3,4
8817,4,"There are n't too many films that can be as simultaneously funny , offbeat and heartwarming -LRB- without a thick shmear of the goo , at least -RRB- , but `` Elling '' manages to do all three quite well , making it one of the year 's most enjoyable releases .",4,3,4
8821,2,"One of those based-on-truth stories that persuades you , with every scene , that it could never really have happened this way .",2,3,2
8822,2,Wait for pay per view or rental but do n't dismiss BarberShop out of hand .,2,1,2
8824,2,Matches neorealism 's impact by showing the humanity of a war-torn land filled with people who just want to live their lives .,2,3,2
8843,3,They can and will turn on a dime from oddly humorous to tediously sentimental .,3,2,3
8886,0,"We never truly come to care about the main characters and whether or not they 'll wind up together , and Michele 's spiritual quest is neither amusing nor dramatic enough to sustain interest .",0,1,0
8936,2,"It pulls the rug out from under you , just when you 're ready to hate one character , or really sympathize with another character , something happens to send you off in different direction .",2,1,2
8970,0,The first Fatal Attraction was vile enough .,0,1,0
9015,1,"I walked away not really know who `` they '' were , what `` they '' looked like .",1,2,1
9036,1,A rude black comedy about the catalytic effect a holy fool has upon those around him in the cutthroat world of children 's television .,1,3,1
9039,3,Among the many pleasures are the lively intelligence of the artists and their perceptiveness about their own situations .,3,4,3
9086,3,"Could have been crisper and punchier , but it 's likely to please audiences who like movies that demand four hankies .",3,2,3
9089,4,Eric Schweig and Graham Greene both exude an air of dignity that 's perfect for the proud warrior that still lingers in the souls of these characters .,4,3,4
9099,0,"An awful lot like one of -LRB- Spears ' -RRB- music videos in content -- except that it goes on for at least 90 more minutes and , worse , that you have to pay if you want to see it .",0,1,0
9116,1,"If you want a movie time trip , the 1960 version is a far smoother ride .",1,3,1
9123,2,"The band performances featured in Drumline are red hot ... -LRB- but -RRB- from a mere story point of view , the film 's ice cold .",2,1,2
9147,0,"... has about 3\/4th the fun of its spry 2001 predecessor -- but it 's a rushed , slapdash , sequel-for-the-sake - of-a-sequel with less than half the plot and ingenuity .",0,1,0
9152,2,Like other great documentaries ... this goes after one truth -LRB- the Ford administration 's complicity in tearing ` orphans ' from their mothers -RRB- and stumbles upon others even more compelling .,2,3,2
9214,4,Arguably the best script that Besson has written in years .,4,3,4
9274,1,"With more character development this might have been an eerie thriller ; with better payoffs , it could have been a thinking man 's monster movie .",1,2,1
9283,4,"-LRB- Kline 's -RRB- utterly convincing -- and deeply appealing -- as a noble teacher who embraces a strict moral code , and as a flawed human being who ca n't quite live up to it .",4,3,4
9288,4,"Nair 's cast is so large it 's Altman-esque , but she deftly spins the multiple stories in a vibrant and intoxicating fashion .",4,3,4
9309,2,"I had more fun with Ben Stiller 's Zoolander , which I thought was rather clever .",2,3,2
9323,2,"Somewhere in the middle , the film compels , as Demme experiments he harvests a few movie moment gems , but the field of roughage dominates .",2,3,2
9331,0,To call this film a lump of coal would only be to flatter it .,0,1,0
9355,1,"Chen films the resolutely downbeat Smokers Only with every indulgent , indie trick in the book .",1,2,1
9357,4,This beautifully animated epic is never dull .,4,3,4
9382,2,"With a confrontational stance , Todd Solondz takes aim on political correctness and suburban families .",2,3,2
9384,4,"Tully is worth a look for its true-to-life characters , its sensitive acting , its unadorned view of rural life and the subtle direction of first-timer Hilary Birmingham .",4,3,4
9421,0,"... a cheap , ludicrous attempt at serious horror .",0,1,0
9583,2,"Director Kevin Bray excels in breaking glass and marking off the `` Miami Vice '' checklist of power boats , Latin music and dog tracks .",2,3,2
9651,3,-LRB- Barry -RRB- gives Assassin a disquieting authority .,3,2,3
9657,2,"If Borstal Boy is n't especially realistic , it is an engaging nostalgia piece .",2,3,2
9677,4,Jeffrey Tambor 's performance as the intelligent jazz-playing exterminator is Oscar-worthy .,4,3,4
9692,0,This strenuously unfunny Showtime deserves the hook .,0,1,0
9738,4,"Nicole Holofcener 's Lovely and Amazing , from her own screenplay , jumps to the head of the class of women 's films that manage to avoid the ghetto of sentimental chick-flicks by treating female follies with a satirical style .",4,3,4
9773,4,I love the robust middle of this picture .,4,3,4
9777,2,It 's difficult to discern if this is a crazy work of disturbed genius or merely 90 minutes of post-adolescent Electra rebellion .,2,1,2
9796,0,The disjointed mess flows as naturally as Jolie 's hideous yellow ` do .,0,1,0
9824,1,Lame Sweet Home leaves no Southern stereotype unturned .,1,3,1
9837,2,"A highly personal look at the effects of living a dysfunctionally privileged lifestyle , and by the end , we only wish we could have spent more time in its world .",2,3,2
9872,2,Grainy photography mars an otherwise delightful comedy of errors .,2,1,2
9878,2,"Red Dragon is less baroque and showy than Hannibal , and less emotionally affecting than Silence .",2,1,2
9896,2,A thought-provoking look at how Western foreign policy - however well intentioned - can wreak havoc in other cultures .,2,3,2
9926,4,Mike Leigh populates his movie with a wonderful ensemble cast of characters that bring the routine day to day struggles of the working class to life,4,3,4
9927,1,"The movie spends more time with Schneider than with newcomer McAdams , even though her performance is more interesting -LRB- and funnier -RRB- than his .",1,2,1
9928,2,The plot 's clearly mythic structure may owe more to Disney 's strong sense of formula than to the original story .,2,1,2
9930,2,"A minor work yet there 's no denying the potency of Miller 's strange , fleeting brew of hopeful perseverance and hopeless closure .",2,3,2
9954,1,"Never does `` Lilo & Stitch '' reach the emotion or timelessness of Disney 's great past , or even that of more recent successes such as `` Mulan '' or `` Tarzan . ''",1,2,1
9974,4,"Sillier , cuter , and shorter than the first -LRB- as best I remember -RRB- , but still a very good time at the cinema .",4,3,4
9978,4,"It 's a wonderful , sobering , heart-felt drama .",4,3,4
10047,1,"Contains the humor , characterization , poignancy , and intelligence of a bad sitcom .",1,3,1
10074,2,"The power of this script , and the performances that come with it , is that the whole damned thing did n't get our moral hackles up .",2,3,2
10079,0,There 's surely something wrong with a comedy where the only belly laughs come from the selection of outtakes tacked onto the end credits .,0,1,0
10135,3,Its almost too-spectacular coastal setting distracts slightly from an eccentric and good-naturedly aimless story .,3,1,3
10142,0,"A depraved , incoherent , instantly disposable piece of hackery .",0,1,0
10157,4,"I was amused and entertained by the unfolding of Bielinsky 's cleverly constructed scenario , and greatly impressed by the skill of the actors involved in the enterprise .",4,3,4
10162,2,"`` 13 Conversations '' holds its goodwill close , but is relatively slow to come to the point .",2,1,2
10186,4,Renner carries much of the film with a creepy and dead-on performance .,4,3,4
10206,0,Get out your pooper-scoopers .,0,1,0
10219,1,"Stripped almost entirely of such tools as nudity , profanity and violence , LaBute does manage to make a few points about modern man and his problematic quest for human connection .",1,3,1
10229,0,... pays tribute to heroes the way Julia Roberts hands out awards -- with phony humility barely camouflaging grotesque narcissism .,0,1,0
10291,4,"It 's a hoot watching The Rock chomp on jumbo ants , pull an arrow out of his back , and leap unscathed through raging fire !",4,3,4
10300,2,"The movie ultimately relies a bit too heavily on grandstanding , emotional , Rocky-like moments ... but it 's such a warm and charming package that you 'll feel too happy to argue much .",2,3,2
10303,2,"The doofus-on - the-loose banter of Welcome to Collinwood has a cocky , after-hours loopiness to it .",2,3,2
10308,2,"It 's all gratuitous before long , as if Schwentke were fulfilling a gross-out quota for an anticipated audience demographic instead of shaping the material to fit the story .",2,1,2
10313,2,Confounding because it solemnly advances a daringly preposterous thesis .,2,1,2
10315,0,"Obvious , obnoxious and didactic burlesque .",0,1,0
10335,4,"If you can get past the taboo subject matter , it will be well worth your time .",4,3,4
10337,2,"` All in all , Reign of Fire will be a good -LRB- successful -RRB- rental . '",2,3,2
10339,2,"The film 's best trick is the way that it treats conspiracy as a kind of political Blair Witch , a monstrous murk that haunts us precisely because it can never be seen .",2,3,2
10360,4,Even better than the first one !,4,3,4
10407,2,"I 'm not saying that Ice Age does n't have some fairly pretty pictures , but there 's not enough substance in the story to actually give them life .",2,1,2
10445,2,"The sight of the name Bruce Willis brings to mind images of a violent battlefield action picture , but the film has a lot more on its mind -- maybe too much .",2,1,2
10510,0,"Boll uses a lot of quick cutting and blurry step-printing to goose things up , but dopey dialogue and sometimes inadequate performances kill the effect .",0,1,0
10511,2,An exhilarating serving of movie fluff .,2,3,2
10548,2,"They 're going through the motions , but the zip is gone .",2,1,2
10558,4,The Pianist is Polanski 's best film .,4,3,4
10617,4,One regards Reign of Fire with awe .,4,3,4
10619,4,Amazing !,4,3,4
10622,0,Completely awful Iranian drama ... as much fun as a grouchy ayatollah in a cold mosque .,0,1,0
10637,0,"Certain to be distasteful to children and adults alike , Eight Crazy Nights is a total misfire .",0,1,0
10648,0,Characterisation has been sacrificed for the sake of spectacle .,0,1,0
10652,4,Steven Spielberg brings us another masterpiece,4,3,4
10653,4,"Fairy-tale formula , serves as a paper skeleton for some very good acting , dialogue , comedy , direction and especially charm .",4,3,4
10664,0,The thing just never gets off the ground .,0,1,0
10692,4,Rifkin 's references are ... impeccable throughout .,4,3,4
10708,4,"As quiet , patient and tenacious as Mr. Lopez himself , who approaches his difficult , endless work with remarkable serenity and discipline .",4,3,4
10721,4,"Stanley Kwan has directed not only one of the best gay love stories ever made , but one of the best love stories of any stripe .",4,3,4
10749,4,"It is most remarkable not because of its epic scope , but because of the startling intimacy it achieves despite that breadth .",4,3,4
10779,0,"The title , alone , should scare any sane person away .",0,1,0
10783,2,"Halloween : Resurrection is n't exactly quality cinema , but it is n't nearly as terrible as it cold have been .",2,1,2
10810,2,"Well-meaning to a fault , Antwone Fisher manages the dubious feat of turning one man 's triumph of will into everyman 's romance comedy .",2,3,2
10821,0,"A depressingly retrograde , ` post-feminist ' romantic comedy that takes an astonishingly condescending attitude toward women .",0,1,0
10829,3,An old-fashioned drama of substance about a teacher 's slide down the slippery slope of dishonesty after an encounter with the rich and the powerful who have nothing but disdain for virtue .,3,1,3
10832,1,The movie 's vision of a white American zealously spreading a Puritanical brand of Christianity to South Seas islanders is one only a true believer could relish .,1,3,1
10847,3,"An unflinching , complex portrait of a modern Israel that is rarely seen on-screen .",3,4,3
10915,0,"The movie has a script -LRB- by Paul Pender -RRB- made of wood , and it 's relentlessly folksy , a procession of stagy set pieces stacked with binary oppositions .",0,2,0
10934,0,But the movie that does n't really deliver for country music fans or for family audiences,0,1,0
10945,4,It 's dark but has wonderfully funny moments ; you care about the characters ; and the action and special effects are first-rate .,4,3,4
10946,4,"Poignant and moving , A Walk to Remember is an inspirational love story , capturing the innocence and idealism of that first encounter .",4,3,4
10953,4,"Humorous and heartfelt , Douglas McGrath 's version of ` Nicholas Nickleby ' left me feeling refreshed and hopeful .",4,3,4
10959,0,"So muddled , repetitive and ragged that it says far less about the horrifying historical reality than about the filmmaker 's characteristic style .",0,1,0
11002,3,"George Clooney , in his first directorial effort , presents this utterly ridiculous shaggy dog story as one of the most creative , energetic and original comedies to hit the screen in years .",3,4,3
11010,1,Boyd 's screenplay -LRB- co-written with Guardian hack Nick Davies -RRB- has a florid turn of phrase that owes more to Guy Ritchie than the Bard of Avon .,1,3,1
11058,2,"Rob Schneider , Dana Carvey and Sarah Michelle Gellar in The Philadelphia Story ?",2,3,2
11061,2,Nachtwey clears the cynicism right out of you .,2,3,2
11076,2,It 's too bad that the rest is n't more compelling .,2,1,2
11080,2,But I do .,2,3,2
11095,0,The problem is that it is one that allows him to churn out one mediocre movie after another .,0,1,0
11106,2,A dopey movie clothed in excess layers of hipness .,2,1,2
11114,0,There 's only one way to kill Michael Myers for good : stop buying tickets to these movies .,0,1,0
11171,4,"That rare movie that works on any number of levels -- as a film of magic and whimsy for children , a heartfelt romance for teenagers and a compelling argument about death , both pro and con , for adults .",4,3,4
11174,4,"All in all , Brown Sugar is a satisfying well-made romantic comedy that 's both charming and well acted .",4,3,4
11223,2,The movie is essentially a series of fleetingly interesting actors ' moments .,2,1,2
11253,4,"It 's a lovely , sad dance highlighted by Kwan 's unique directing style .",4,3,4
11271,4,"The problems and characters it reveals are universal and involving , and the film itself -- as well its delightful cast -- is so breezy , pretty and gifted , it really won my heart .",4,3,4
11297,2,"Cockettes has the glorious , gaudy benefit of much stock footage of Those Days , featuring all manner of drag queen , bearded lady and lactating hippie .",2,3,2
11344,4,"A must for fans of British cinema , if only because so many titans of the industry are along for the ride .",4,3,4
11427,4,The script by David Koepp is perfectly serviceable and because he gives the story some soul ... he elevates the experience to a more mythic level .,4,3,4
11471,2,The party scenes deliver some tawdry kicks .,2,1,2
11518,0,Not at all clear what it 's trying to say and even if it were -- I doubt it would be all that interesting .,0,1,0
11529,1,Imagine Susan Sontag falling in love with Howard Stern .,1,2,1
